source,cell_length,CN_C,CN_A,C6_C,C6_A,Edis
Cd6_CoO3_5_1652319,0.0000000000,read,real,scaling,value,N/A
Cd6_CoO3_5_1652319,0.0000000000,read,real,scaling,value,N/A
Cd6_CoO3_5_1652319,0.0000000000,read,real,scaling,value,N/A
Cd6_CoO3_5_1652319,0.0000000000,read,real,scaling,value,N/A
Cd6_CoO3_5_1652319,0.0000000000,read,real,scaling,value,N/A
Cd6_CoO3_5_1652319,0.0000000000,read,real,scaling,value,N/A
Cd6_CoO3_5_1652319,0.0000000000,read,real,scaling,value,N/A
Cd6_CoO3_5_1652319,0.0000000000,read,real,scaling,value,N/A
Cd6_CoO3_5_1652319,0.0000000000,read,real,scaling,value,N/A
Cd6_CoO3_5_1652319,0.0000000000,read,real,scaling,value,N/A
Cd6_CoO3_5_1652319,0.0000000000,read,real,scaling,value,N/A
Cd6_CoO3_5_1652319,0.0000000000,read,real,scaling,value,N/A
Cd6_CoO3_5_1652319,0.0000000000,read,real,scaling,value,N/A
Cd6_CoO3_5_1652319,0.0000000000,read,real,scaling,value,N/A
Cd6_CoO3_5_1652319,0.0000000000,read,real,scaling,value,N/A
Cd6_CoO3_5_1652319,0.0000000000,read,real,scaling,value,N/A
Cd6_CoO3_5_1652319,0.0000000000,read,real,scaling,value,N/A
Cd6_CoO3_5_1652319,0.0000000000,read,real,scaling,value,N/A
Cd6_CoO3_5_1652319,0.0000000000,read,real,scaling,value,N/A
Cd6_CoO3_5_1652319,0.0000000000,read,real,scaling,value,N/A
Cd6_CoO3_5_1652319,0.0000000000,read,real,scaling,value,N/A
Cd6_CoO3_5_1652319,0.0000000000,read,real,scaling,value,N/A
Cd6_CoO3_5_1652319,0.0000000000,read,real,scaling,value,N/A
Cd6_CoO3_5_1652319,0.0000000000,read,real,scaling,value,N/A
Cd6_CoO3_5_1652319,0.0000000000,read,real,scaling,value,N/A
Cd6_CoO3_5_1652319,0.0000000000,read,real,scaling,value,N/A
Cd6_CoO3_5_1652319,0.0000000000,read,real,scaling,value,N/A
Cd6_CoO3_5_1652319,0.0000000000,read,real,scaling,value,N/A
Cd6_CoO3_5_1652319,0.0000000000,read,real,scaling,value,N/A
Cd6_CoO3_5_1652319,0.0000000000,read,real,scaling,value,N/A
Cd6_CoO3_5_1652319,0.0000000000,read,real,scaling,value,N/A
Cd6_CoO3_5_1652319,0.0000000000,read,real,scaling,value,N/A
Cd6_CoO3_5_1652319,0.0000000000,read,real,scaling,value,N/A
Cd6_CoO3_5_1652319,0.0000000000,read,real,scaling,value,N/A
Cd6_CoO3_5_1652319,0.0000000000,read,real,scaling,value,N/A
Cd6_CoO3_5_1652319_POSCAR,5.4554055761,16.9719,5.3534,263.4508,10.3708,-3.0821288226907E-01
Cd6_CoO3_5_1652319_POSCAR,5.1144427276,20.8498,6.0464,263.4508,10.3708,-3.7964467585164E-01
Cd6_CoO3_5_1652319_POSCAR,6.1373312731,9.9579,4.1964,263.4508,10.3708,-2.2104824095043E-01
Cd6_CoO3_5_1652319_POSCAR,5.7963684246,13.2492,4.7330,263.4508,10.3708,-2.5731345424093E-01
Cd6_CoO3_5_1652319_POSCAR,6.4782941216,7.3323,3.6623,263.4508,10.3708,-1.9357973124132E-01
Cd6_CoO3_5_1652319_POSCAR,6.8192569701,5.3167,3.0491,263.4508,10.3708,-1.7095737669776E-01
Cd6_CoO3_5_1652319_POSCAR,7.5011826671,2.5263,1.7185,263.4508,10.6907,-1.4019687227453E-01
Cd6_CoO3_5_1652319_POSCAR,7.1602198186,3.7469,2.3733,263.4508,10.3728,-1.5246786352687E-01
Cd6_CoO3_5_1652319_POSCAR,8.5240712127,0.6297,0.4714,467.1139,14.2510,-1.5295091310292E-01
Cd6_CoO3_5_1652319_POSCAR,8.8650340612,0.3944,0.2945,468.1627,15.0310,-1.4896635800109E-01
Cd6_CoO3_5_1652319_POSCAR,7.8421455156,1.6265,1.1648,263.4572,12.6469,-1.3007291259881E-01
Cd6_CoO3_5_1652319_POSCAR,8.1831083641,1.0159,0.7510,326.1086,13.1058,-1.3583336956974E-01
Cd6_CoO3_5_1652319_POSCAR,9.2059969097,0.2524,0.1861,468.1870,15.2824,-1.5202106158624E-01
Cd6_CoO3_5_1652319_POSCAR,9.5469597582,0.1656,0.1200,468.1892,15.3690,-1.3604828307729E-01
Cd6_CoO3_5_1652319_POSCAR,10.2288854552,0.0772,0.0536,468.1898,15.4234,-1.0769063196557E-01
Cd6_CoO3_5_1652319_POSCAR,9.8879226067,0.1116,0.0792,468.1897,15.4055,-1.2102550770549E-01
Cd6_CoO3_5_1652319_POSCAR,10.5698483037,0.0547,0.0372,468.1899,15.4332,-9.5860446028221E-02
Cd6_CoO3_5_1652319_POSCAR,11.2517740007,0.0294,0.0191,468.1899,15.4427,-7.6193872993273E-02
Cd6_CoO3_5_1652319_POSCAR,11.5927368492,0.0222,0.0142,468.1899,15.4451,-6.8106629789110E-02
Cd6_CoO3_5_1652319_POSCAR,10.9108111522,0.0397,0.0264,468.1899,15.4390,-8.5398702928036E-02
Cd6_CoO3_5_1652319_POSCAR,11.9336996977,0.0170,0.0107,468.1899,15.4467,-6.0950567153154E-02
Cd6_CoO3_5_1652319_POSCAR,12.6156253947,0.0105,0.0064,468.1899,15.4487,-4.8680856981629E-02
Cd6_CoO3_5_1652319_POSCAR,12.2746625462,0.0133,0.0082,468.1899,15.4479,-5.4525109914966E-02
Cd6_CoO3_5_1652319_POSCAR,12.9565882432,0.0084,0.0050,468.1899,15.4493,-4.3340556400013E-02
Cd6_CoO3_5_1652319_POSCAR,13.2975510917,0.0068,0.0040,468.1899,15.4497,-3.8491655260136E-02
Cd6_CoO3_5_1652319_POSCAR,13.9794767887,0.0047,0.0027,468.1899,15.4503,-3.0278117161217E-02
Cd6_CoO3_5_1652319_POSCAR,14.3204396373,0.0039,0.0022,468.1899,15.4505,-2.6882711735892E-02
Cd6_CoO3_5_1652319_POSCAR,13.6385139402,0.0056,0.0033,468.1899,15.4500,-3.4139452042967E-02
Cd6_CoO3_5_1652319_POSCAR,14.6614024858,0.0033,0.0019,468.1899,15.4506,-2.3905676115770E-02
Cd6_CoO3_5_1652319_POSCAR,15.3433281828,0.0024,0.0013,468.1899,15.4509,-1.8987332544444E-02
Cd6_CoO3_5_1652319_POSCAR,15.6842910313,0.0021,0.0011,468.1899,15.4509,-1.6940279583609E-02
Cd6_CoO3_5_1652319_POSCAR,15.0023653343,0.0028,0.0016,468.1899,15.4508,-2.1292750838558E-02
Cd6_CoO3_5_1652319_POSCAR,16.0252538798,0.0018,0.0010,468.1899,15.4510,-1.5114156222843E-02
Cd6_CoO3_5_1652319_POSCAR,16.7071795768,0.0014,0.0007,468.1899,15.4511,-1.2019072875477E-02
Cd6_CoO3_5_1652319_POSCAR,16.3662167283,0.0015,0.0009,468.1899,15.4511,-1.3481214765276E-02
Cd6_CoO3_5_754447,0.0000000000,read,real,scaling,value,N/A
Cd6_CoO3_5_754447,0.0000000000,read,real,scaling,value,N/A
Cd6_CoO3_5_754447,0.0000000000,read,real,scaling,value,N/A
Cd6_CoO3_5_754447,0.0000000000,read,real,scaling,value,N/A
Cd6_CoO3_5_754447,0.0000000000,read,real,scaling,value,N/A
Cd6_CoO3_5_754447,0.0000000000,read,real,scaling,value,N/A
Cd6_CoO3_5_754447,0.0000000000,read,real,scaling,value,N/A
Cd6_CoO3_5_754447,0.0000000000,read,real,scaling,value,N/A
Cd6_CoO3_5_754447,0.0000000000,read,real,scaling,value,N/A
Cd6_CoO3_5_754447,0.0000000000,read,real,scaling,value,N/A
Cd6_CoO3_5_754447,0.0000000000,read,real,scaling,value,N/A
Cd6_CoO3_5_754447,0.0000000000,read,real,scaling,value,N/A
Cd6_CoO3_5_754447,0.0000000000,read,real,scaling,value,N/A
Cd6_CoO3_5_754447,0.0000000000,read,real,scaling,value,N/A
Cd6_CoO3_5_754447,0.0000000000,read,real,scaling,value,N/A
Cd6_CoO3_5_754447,0.0000000000,read,real,scaling,value,N/A
Cd6_CoO3_5_754447,0.0000000000,read,real,scaling,value,N/A
Cd6_CoO3_5_754447,0.0000000000,read,real,scaling,value,N/A
Cd6_CoO3_5_754447,0.0000000000,read,real,scaling,value,N/A
Cd6_CoO3_5_754447,0.0000000000,read,real,scaling,value,N/A
Cd6_CoO3_5_754447,0.0000000000,read,real,scaling,value,N/A
Cd6_CoO3_5_754447,0.0000000000,read,real,scaling,value,N/A
Cd6_CoO3_5_754447,0.0000000000,read,real,scaling,value,N/A
Cd6_CoO3_5_754447,0.0000000000,read,real,scaling,value,N/A
Cd6_CoO3_5_754447,0.0000000000,read,real,scaling,value,N/A
Cd6_CoO3_5_754447,0.0000000000,read,real,scaling,value,N/A
Cd6_CoO3_5_754447,0.0000000000,read,real,scaling,value,N/A
Cd6_CoO3_5_754447,0.0000000000,read,real,scaling,value,N/A
Cd6_CoO3_5_754447,0.0000000000,read,real,scaling,value,N/A
Cd6_CoO3_5_754447,0.0000000000,read,real,scaling,value,N/A
Cd6_CoO3_5_754447,0.0000000000,read,real,scaling,value,N/A
Cd6_CoO3_5_754447,0.0000000000,read,real,scaling,value,N/A
Cd6_CoO3_5_754447,0.0000000000,read,real,scaling,value,N/A
Cd6_CoO3_5_754447,0.0000000000,read,real,scaling,value,N/A
Cd6_CoO3_5_754447,0.0000000000,read,real,scaling,value,N/A
Cd6_CoO3_5_754447_POSCAR,5.0639309502,22.1459,6.6464,263.4508,10.3708,-3.9954928904162E-01
Cd6_CoO3_5_754447_POSCAR,5.4015263468,18.4637,6.1520,263.4508,10.3708,-3.2304403408735E-01
Cd6_CoO3_5_754447_POSCAR,5.7391217435,14.7481,5.6691,263.4508,10.3708,-2.6779293272092E-01
Cd6_CoO3_5_754447_POSCAR,6.0767171402,11.1912,4.9721,263.4508,10.3708,-2.2819390574444E-01
Cd6_CoO3_5_754447_POSCAR,6.4143125369,8.1390,4.0661,263.4508,10.3708,-1.9882041470305E-01
Cd6_CoO3_5_754447_POSCAR,6.7519079336,5.7550,3.1486,263.4508,10.3708,-1.7584332599693E-01
Cd6_CoO3_5_754447_POSCAR,7.0895033302,3.9334,2.3540,263.4508,10.3731,-1.5663265232819E-01
Cd6_CoO3_5_754447_POSCAR,7.4270987269,2.5601,1.6853,263.4508,10.7717,-1.4720301395177E-01
Cd6_CoO3_5_754447_POSCAR,7.7646941236,1.5960,1.1389,263.4610,12.6815,-1.3630802344763E-01
Cd6_CoO3_5_754447_POSCAR,8.4398849169,0.5993,0.4580,467.5199,14.3220,-1.5582940463530E-01
Cd6_CoO3_5_754447_POSCAR,8.1022895203,0.9759,0.7317,356.2686,13.1496,-1.5022712927318E-01
Cd6_CoO3_5_754447_POSCAR,8.7774803136,0.3750,0.2859,468.1698,15.0572,-1.5263817553318E-01
Cd6_CoO3_5_754447_POSCAR,9.4526711070,0.1589,0.1170,468.1893,15.3722,-1.4356185304307E-01
Cd6_CoO3_5_754447_POSCAR,9.7902665037,0.1079,0.0775,468.1897,15.4068,-1.2723278473191E-01
Cd6_CoO3_5_754447_POSCAR,10.1278619003,0.0751,0.0526,468.1898,15.4240,-1.1314726369734E-01
Cd6_CoO3_5_754447_POSCAR,9.1150757103,0.2408,0.1809,468.1875,15.2907,-1.6162166889809E-01
Cd6_CoO3_5_754447_POSCAR,10.4654572970,0.0536,0.0366,468.1899,15.4335,-1.0093344142290E-01
Cd6_CoO3_5_754447_POSCAR,11.1406480904,0.0291,0.0190,468.1899,15.4428,-8.0840743034955E-02
Cd6_CoO3_5_754447_POSCAR,10.8030526937,0.0391,0.0261,468.1899,15.4392,-9.0249387425475E-02
Cd6_CoO3_5_754447_POSCAR,11.4782434870,0.0221,0.0141,468.1899,15.4451,-7.2499125918267E-02
Cd6_CoO3_5_754447_POSCAR,11.8158388837,0.0171,0.0107,468.1899,15.4467,-6.5014563591046E-02
Cd6_CoO3_5_754447_POSCAR,12.1534342804,0.0134,0.0082,468.1899,15.4478,-5.8194978854384E-02
Cd6_CoO3_5_754447_POSCAR,12.4910296771,0.0106,0.0064,468.1899,15.4486,-5.1921266552857E-02
Cd6_CoO3_5_754447_POSCAR,12.8286250738,0.0085,0.0051,468.1899,15.4492,-4.6166874977165E-02
Cd6_CoO3_5_754447_POSCAR,13.1662204704,0.0070,0.0041,468.1899,15.4497,-4.0952799787793E-02
Cd6_CoO3_5_754447_POSCAR,13.8414112638,0.0048,0.0027,468.1899,15.4503,-3.2219094314204E-02
Cd6_CoO3_5_754447_POSCAR,13.5038158671,0.0057,0.0033,468.1899,15.4500,-3.6306947470743E-02
Cd6_CoO3_5_754447_POSCAR,14.1790066605,0.0040,0.0023,468.1899,15.4505,-2.8648201430858E-02
Cd6_CoO3_5_754447_POSCAR,14.8541974538,0.0029,0.0016,468.1899,15.4507,-2.2792126575228E-02
Cd6_CoO3_5_754447_POSCAR,14.5166020571,0.0034,0.0019,468.1899,15.4506,-2.5529440439828E-02
Cd6_CoO3_5_754447_POSCAR,15.1917928505,0.0025,0.0014,468.1899,15.4508,-2.0367809325043E-02
Cd6_CoO3_5_754447_POSCAR,15.5293882472,0.0022,0.0012,468.1899,15.4509,-1.8204491939350E-02
Cd6_CoO3_5_754447_POSCAR,16.2045790405,0.0016,0.0009,468.1899,15.4511,-1.4514436329516E-02
Cd6_CoO3_5_754447_POSCAR,15.8669836439,0.0018,0.0010,468.1899,15.4510,-1.6261135074368E-02
Cd6_CoO3_5_754447_POSCAR,16.5421744372,0.0014,0.0008,468.1899,15.4511,-1.2944572308260E-02
CdCoO3_752746,0.0000000000,read,real,scaling,value,N/A
CdCoO3_752746,0.0000000000,read,real,scaling,value,N/A
CdCoO3_752746,0.0000000000,read,real,scaling,value,N/A
CdCoO3_752746,0.0000000000,read,real,scaling,value,N/A
CdCoO3_752746,0.0000000000,read,real,scaling,value,N/A
CdCoO3_752746,0.0000000000,read,real,scaling,value,N/A
CdCoO3_752746,0.0000000000,read,real,scaling,value,N/A
CdCoO3_752746,0.0000000000,read,real,scaling,value,N/A
CdCoO3_752746,0.0000000000,read,real,scaling,value,N/A
CdCoO3_752746,0.0000000000,read,real,scaling,value,N/A
CdCoO3_752746,0.0000000000,read,real,scaling,value,N/A
CdCoO3_752746,0.0000000000,read,real,scaling,value,N/A
CdCoO3_752746,0.0000000000,read,real,scaling,value,N/A
CdCoO3_752746,0.0000000000,read,real,scaling,value,N/A
CdCoO3_752746,0.0000000000,read,real,scaling,value,N/A
CdCoO3_752746,0.0000000000,read,real,scaling,value,N/A
CdCoO3_752746,0.0000000000,read,real,scaling,value,N/A
CdCoO3_752746,0.0000000000,read,real,scaling,value,N/A
CdCoO3_752746,0.0000000000,read,real,scaling,value,N/A
CdCoO3_752746,0.0000000000,read,real,scaling,value,N/A
CdCoO3_752746,0.0000000000,read,real,scaling,value,N/A
CdCoO3_752746,0.0000000000,read,real,scaling,value,N/A
CdCoO3_752746,0.0000000000,read,real,scaling,value,N/A
CdCoO3_752746,0.0000000000,read,real,scaling,value,N/A
CdCoO3_752746,0.0000000000,read,real,scaling,value,N/A
CdCoO3_752746,0.0000000000,read,real,scaling,value,N/A
CdCoO3_752746,0.0000000000,read,real,scaling,value,N/A
CdCoO3_752746,0.0000000000,read,real,scaling,value,N/A
CdCoO3_752746,0.0000000000,read,real,scaling,value,N/A
CdCoO3_752746,0.0000000000,read,real,scaling,value,N/A
CdCoO3_752746,0.0000000000,read,real,scaling,value,N/A
CdCoO3_752746,0.0000000000,read,real,scaling,value,N/A
CdCoO3_752746,0.0000000000,read,real,scaling,value,N/A
CdCoO3_752746,0.0000000000,read,real,scaling,value,N/A
CdCoO3_752746,0.0000000000,read,real,scaling,value,N/A
CdCoO3_752746_POSCAR,4.2517744000,21.4204,5.1569,263.4508,10.3708,-2.4579273061601E-01
CdCoO3_752746_POSCAR,4.7832462000,13.3674,4.1950,263.4508,10.3708,-1.6805746566753E-01
CdCoO3_752746_POSCAR,3.9860385000,24.6135,5.9837,263.4508,10.3708,-3.0939508181495E-01
CdCoO3_752746_POSCAR,4.5175103000,17.5456,4.5843,263.4508,10.3708,-1.9937472759489E-01
CdCoO3_752746_POSCAR,5.0489821000,9.6274,3.8311,263.4508,10.3708,-1.4718435968795E-01
CdCoO3_752746_POSCAR,5.5804539000,4.4919,2.6741,263.4508,10.3710,-1.2711955199462E-01
CdCoO3_752746_POSCAR,5.8461898000,2.8940,1.9273,263.4508,10.4385,-1.1663949941157E-01
CdCoO3_752746_POSCAR,5.3147180000,6.6880,3.3420,263.4508,10.3708,-1.3217856585296E-01
CdCoO3_752746_POSCAR,6.3776616000,1.0993,0.7936,285.1575,13.0245,-1.1251782726917E-01
CdCoO3_752746_POSCAR,6.6433975000,0.6756,0.4870,465.9971,14.1673,-1.2591098916165E-01
CdCoO3_752746_POSCAR,6.1119257000,1.7980,1.2701,263.4512,12.4382,-1.1198814502608E-01
CdCoO3_752746_POSCAR,6.9091334000,0.4231,0.3007,468.1472,15.0116,-1.4347018131246E-01
CdCoO3_752746_POSCAR,7.1748693000,0.2719,0.1891,468.1860,15.2774,-1.3729443626739E-01
CdCoO3_752746_POSCAR,7.4406052000,0.1796,0.1219,468.1890,15.3671,-1.2004858922907E-01
CdCoO3_752746_POSCAR,7.9720770000,0.0849,0.0548,468.1898,15.4227,-9.1027396173603E-02
CdCoO3_752746_POSCAR,7.7063411000,0.1219,0.0807,468.1896,15.4044,-1.0453597847391E-01
CdCoO3_752746_POSCAR,8.2378129000,0.0606,0.0381,468.1899,15.4327,-7.9402002935961E-02
CdCoO3_752746_POSCAR,8.5035488000,0.0443,0.0271,468.1899,15.4387,-6.9451109861703E-02
CdCoO3_752746_POSCAR,8.7692847000,0.0330,0.0198,468.1899,15.4424,-6.0925321221389E-02
CdCoO3_752746_POSCAR,9.0350206000,0.0250,0.0147,468.1899,15.4449,-5.3584424735951E-02
CdCoO3_752746_POSCAR,9.3007565000,0.0193,0.0111,468.1899,15.4465,-4.7217502536289E-02
CdCoO3_752746_POSCAR,9.5664924000,0.0151,0.0085,468.1899,15.4477,-4.1657932416075E-02
CdCoO3_752746_POSCAR,9.8322283000,0.0120,0.0067,468.1899,15.4485,-3.6778483757940E-02
CdCoO3_752746_POSCAR,10.0979642000,0.0097,0.0053,468.1899,15.4491,-3.2486904185876E-02
CdCoO3_752746_POSCAR,10.3637001000,0.0078,0.0042,468.1899,15.4496,-2.8703044805569E-02
CdCoO3_752746_POSCAR,10.8951719000,0.0054,0.0028,468.1899,15.4502,-2.2438046760519E-02
CdCoO3_752746_POSCAR,10.6294360000,0.0064,0.0034,468.1899,15.4500,-2.5369869663647E-02
CdCoO3_752746_POSCAR,11.1609078000,0.0045,0.0023,468.1899,15.4504,-1.9868963763976E-02
CdCoO3_752746_POSCAR,11.4266437000,0.0038,0.0020,468.1899,15.4506,-1.7620983681929E-02
CdCoO3_752746_POSCAR,11.6923796000,0.0033,0.0017,468.1899,15.4507,-1.5651219097871E-02
CdCoO3_752746_POSCAR,11.9581155000,0.0028,0.0014,468.1899,15.4508,-1.3923978358255E-02
CdCoO3_752746_POSCAR,12.2238514000,0.0024,0.0012,468.1899,15.4509,-1.2406271084161E-02
CdCoO3_752746_POSCAR,12.7553232000,0.0018,0.0009,468.1899,15.4510,-9.8742131471553E-03
CdCoO3_752746_POSCAR,12.4895873000,0.0021,0.0010,468.1899,15.4510,-1.1063582178172E-02
CdCoO3_752746_POSCAR,13.0210591000,0.0016,0.0008,468.1899,15.4511,-8.8161691371746E-03
CdCoO3_768578,0.0000000000,read,real,scaling,value,N/A
CdCoO3_768578,0.0000000000,read,real,scaling,value,N/A
CdCoO3_768578,0.0000000000,read,real,scaling,value,N/A
CdCoO3_768578,0.0000000000,read,real,scaling,value,N/A
CdCoO3_768578,0.0000000000,read,real,scaling,value,N/A
CdCoO3_768578,0.0000000000,read,real,scaling,value,N/A
CdCoO3_768578,0.0000000000,read,real,scaling,value,N/A
CdCoO3_768578,0.0000000000,read,real,scaling,value,N/A
CdCoO3_768578,0.0000000000,read,real,scaling,value,N/A
CdCoO3_768578,0.0000000000,read,real,scaling,value,N/A
CdCoO3_768578,0.0000000000,read,real,scaling,value,N/A
CdCoO3_768578,0.0000000000,read,real,scaling,value,N/A
CdCoO3_768578,0.0000000000,read,real,scaling,value,N/A
CdCoO3_768578,0.0000000000,read,real,scaling,value,N/A
CdCoO3_768578,0.0000000000,read,real,scaling,value,N/A
CdCoO3_768578,0.0000000000,read,real,scaling,value,N/A
CdCoO3_768578,0.0000000000,read,real,scaling,value,N/A
CdCoO3_768578,0.0000000000,read,real,scaling,value,N/A
CdCoO3_768578,0.0000000000,read,real,scaling,value,N/A
CdCoO3_768578,0.0000000000,read,real,scaling,value,N/A
CdCoO3_768578,0.0000000000,read,real,scaling,value,N/A
CdCoO3_768578,0.0000000000,read,real,scaling,value,N/A
CdCoO3_768578,0.0000000000,read,real,scaling,value,N/A
CdCoO3_768578,0.0000000000,read,real,scaling,value,N/A
CdCoO3_768578,0.0000000000,read,real,scaling,value,N/A
CdCoO3_768578,0.0000000000,read,real,scaling,value,N/A
CdCoO3_768578,0.0000000000,read,real,scaling,value,N/A
CdCoO3_768578,0.0000000000,read,real,scaling,value,N/A
CdCoO3_768578,0.0000000000,read,real,scaling,value,N/A
CdCoO3_768578,0.0000000000,read,real,scaling,value,N/A
CdCoO3_768578,0.0000000000,read,real,scaling,value,N/A
CdCoO3_768578,0.0000000000,read,real,scaling,value,N/A
CdCoO3_768578,0.0000000000,read,real,scaling,value,N/A
CdCoO3_768578,0.0000000000,read,real,scaling,value,N/A
CdCoO3_768578,0.0000000000,read,real,scaling,value,N/A
CdCoO3_768578_POSCAR,4.0923979958,16.3329,5.3250,263.4508,10.3708,-2.3098271887355E-01
CdCoO3_768578_POSCAR,4.6039477453,10.3115,4.2552,263.4508,10.3708,-1.6079453121798E-01
CdCoO3_768578_POSCAR,3.8366231210,20.0336,6.2303,263.4508,10.3708,-2.8479620299692E-01
CdCoO3_768578_POSCAR,4.3481728705,13.0363,4.7221,263.4508,10.3708,-1.9036122957008E-01
CdCoO3_768578_POSCAR,5.3712723695,4.3979,2.5535,263.4508,10.3713,-1.1338770066501E-01
CdCoO3_768578_POSCAR,4.8597226200,8.0691,3.7990,263.4508,10.3708,-1.3933870396355E-01
CdCoO3_768578_POSCAR,5.1154974947,6.1151,3.2374,263.4508,10.3708,-1.2320988129736E-01
CdCoO3_768578_POSCAR,5.6270472442,2.9795,1.8439,263.4508,10.4990,-1.0478642853727E-01
CdCoO3_768578_POSCAR,5.8828221189,1.9158,1.2313,263.4509,12.5301,-9.8087428165894E-02
CdCoO3_768578_POSCAR,6.3943718684,0.7369,0.4833,462.5639,14.1873,-1.0773561438225E-01
CdCoO3_768578_POSCAR,6.1385969937,1.1930,0.7800,268.8836,13.0482,-9.5018162727654E-02
CdCoO3_768578_POSCAR,6.6501467431,0.4599,0.2999,468.1140,15.0142,-1.1920782584221E-01
CdCoO3_768578_POSCAR,7.1616964926,0.1914,0.1219,468.1889,15.3671,-1.0675883595960E-01
CdCoO3_768578_POSCAR,6.9059216179,0.2930,0.1890,468.1844,15.2777,-1.2096706664786E-01
CdCoO3_768578_POSCAR,7.4174713674,0.1284,0.0806,468.1896,15.4045,-9.3459602831490E-02
CdCoO3_768578_POSCAR,7.6732462421,0.0884,0.0547,468.1898,15.4227,-8.1718405242441E-02
CdCoO3_768578_POSCAR,7.9290211168,0.0624,0.0380,468.1898,15.4328,-7.1624802128275E-02
CdCoO3_768578_POSCAR,8.4405708663,0.0332,0.0197,468.1899,15.4424,-5.5848150613162E-02
CdCoO3_768578_POSCAR,8.1847959916,0.0450,0.0270,468.1899,15.4387,-6.3080271307354E-02
CdCoO3_768578_POSCAR,8.6963457410,0.0250,0.0146,468.1899,15.4449,-4.9650835536138E-02
CdCoO3_768578_POSCAR,8.9521206158,0.0191,0.0110,468.1899,15.4466,-4.4238206976247E-02
CdCoO3_768578_POSCAR,9.2078954905,0.0148,0.0085,468.1899,15.4477,-3.9429573338198E-02
CdCoO3_768578_POSCAR,9.4636703652,0.0117,0.0066,468.1899,15.4486,-3.5111954551867E-02
CdCoO3_768578_POSCAR,9.7194452400,0.0093,0.0052,468.1899,15.4492,-3.1223486158327E-02
CdCoO3_768578_POSCAR,9.9752201147,0.0076,0.0042,468.1899,15.4496,-2.7731209944324E-02
CdCoO3_768578_POSCAR,10.2309949895,0.0062,0.0034,468.1899,15.4500,-2.4616661372408E-02
CdCoO3_768578_POSCAR,10.4867698642,0.0051,0.0028,468.1899,15.4502,-2.1859366015697E-02
CdCoO3_768578_POSCAR,10.7425447389,0.0043,0.0023,468.1899,15.4504,-1.9432447920128E-02
CdCoO3_768578_POSCAR,10.9983196137,0.0036,0.0019,468.1899,15.4506,-1.7302574799765E-02
CdCoO3_768578_POSCAR,11.2540944884,0.0031,0.0016,468.1899,15.4507,-1.5431498804096E-02
CdCoO3_768578_POSCAR,11.5098693631,0.0026,0.0014,468.1899,15.4508,-1.3782168961659E-02
CdCoO3_768578_POSCAR,11.7656442379,0.0023,0.0012,468.1899,15.4509,-1.2322009664988E-02
CdCoO3_768578_POSCAR,12.0214191126,0.0019,0.0010,468.1899,15.4510,-1.1021057932113E-02
CdCoO3_768578_POSCAR,12.2771939873,0.0017,0.0009,468.1899,15.4510,-9.8592552200180E-03
CdCoO3_768578_POSCAR,12.5329688621,0.0015,0.0008,468.1899,15.4511,-8.8181730218444E-03
CdCoO3_770662,0.0000000000,read,real,scaling,value,N/A
CdCoO3_770662,0.0000000000,read,real,scaling,value,N/A
CdCoO3_770662,0.0000000000,read,real,scaling,value,N/A
CdCoO3_770662,0.0000000000,read,real,scaling,value,N/A
CdCoO3_770662,0.0000000000,read,real,scaling,value,N/A
CdCoO3_770662,0.0000000000,read,real,scaling,value,N/A
CdCoO3_770662,0.0000000000,read,real,scaling,value,N/A
CdCoO3_770662,0.0000000000,read,real,scaling,value,N/A
CdCoO3_770662,0.0000000000,read,real,scaling,value,N/A
CdCoO3_770662,0.0000000000,read,real,scaling,value,N/A
CdCoO3_770662,0.0000000000,read,real,scaling,value,N/A
CdCoO3_770662,0.0000000000,read,real,scaling,value,N/A
CdCoO3_770662,0.0000000000,read,real,scaling,value,N/A
CdCoO3_770662,0.0000000000,read,real,scaling,value,N/A
CdCoO3_770662,0.0000000000,read,real,scaling,value,N/A
CdCoO3_770662,0.0000000000,read,real,scaling,value,N/A
CdCoO3_770662,0.0000000000,read,real,scaling,value,N/A
CdCoO3_770662,0.0000000000,read,real,scaling,value,N/A
CdCoO3_770662,0.0000000000,read,real,scaling,value,N/A
CdCoO3_770662,0.0000000000,read,real,scaling,value,N/A
CdCoO3_770662,0.0000000000,read,real,scaling,value,N/A
CdCoO3_770662,0.0000000000,read,real,scaling,value,N/A
CdCoO3_770662,0.0000000000,read,real,scaling,value,N/A
CdCoO3_770662,0.0000000000,read,real,scaling,value,N/A
CdCoO3_770662,0.0000000000,read,real,scaling,value,N/A
CdCoO3_770662,0.0000000000,read,real,scaling,value,N/A
CdCoO3_770662,0.0000000000,read,real,scaling,value,N/A
CdCoO3_770662,0.0000000000,read,real,scaling,value,N/A
CdCoO3_770662,0.0000000000,read,real,scaling,value,N/A
CdCoO3_770662,0.0000000000,read,real,scaling,value,N/A
CdCoO3_770662,0.0000000000,read,real,scaling,value,N/A
CdCoO3_770662,0.0000000000,read,real,scaling,value,N/A
CdCoO3_770662,0.0000000000,read,real,scaling,value,N/A
CdCoO3_770662,0.0000000000,read,real,scaling,value,N/A
CdCoO3_770662,0.0000000000,read,real,scaling,value,N/A
CdCoO3_770662_POSCAR,4.1082355146,11.4450,4.0360,263.4508,10.3708,-8.5852565256678E-02
CdCoO3_770662_POSCAR,3.8800002082,13.9046,4.3559,263.4508,10.3708,-1.0184565754509E-01
CdCoO3_770662_POSCAR,3.6517649019,16.9793,4.8226,263.4508,10.3708,-1.2379897714550E-01
CdCoO3_770662_POSCAR,3.4235295955,20.6324,5.6467,263.4508,10.3708,-1.5261444200132E-01
CdCoO3_770662_POSCAR,4.5647061274,7.3501,3.2932,263.4508,10.3708,-6.4699437048951E-02
CdCoO3_770662_POSCAR,4.7929414337,5.4298,2.7756,263.4508,10.3709,-5.7107882629756E-02
CdCoO3_770662_POSCAR,4.3364708210,9.3537,3.7076,263.4508,10.3708,-7.3995223509418E-02
CdCoO3_770662_POSCAR,5.0211767401,3.7485,2.1742,263.4508,10.3805,-5.3871410943196E-02
CdCoO3_770662_POSCAR,5.9341179656,0.5878,0.4167,467.6292,14.5336,-5.7909942438436E-02
CdCoO3_770662_POSCAR,5.7058826592,0.9442,0.6647,381.7672,13.3440,-5.2025663198660E-02
CdCoO3_770662_POSCAR,5.4776473528,1.5272,1.0431,263.4808,12.7763,-4.8065570743186E-02
CdCoO3_770662_POSCAR,5.2494120465,2.4388,1.5633,263.4508,11.2066,-4.9263524185636E-02
CdCoO3_770662_POSCAR,6.1623532719,0.3730,0.2624,468.1705,15.1227,-6.3881959874997E-02
CdCoO3_770662_POSCAR,6.3905885783,0.2425,0.1680,468.1875,15.3102,-5.6556651795436E-02
CdCoO3_770662_POSCAR,6.6188238847,0.1618,0.1099,468.1893,15.3791,-4.9462869908185E-02
CdCoO3_770662_POSCAR,6.8470591910,0.1107,0.0737,468.1897,15.4097,-4.3210302329417E-02
CdCoO3_770662_POSCAR,7.0752944974,0.0777,0.0506,468.1898,15.4253,-3.7872658390697E-02
CdCoO3_770662_POSCAR,7.3035298038,0.0558,0.0355,468.1899,15.4341,-3.3394826373216E-02
CdCoO3_770662_POSCAR,7.5317651101,0.0409,0.0255,468.1899,15.4395,-2.9657417725588E-02
CdCoO3_770662_POSCAR,7.7600004165,0.0306,0.0187,468.1899,15.4429,-2.6506512033653E-02
CdCoO3_770662_POSCAR,7.9882357229,0.0232,0.0139,468.1899,15.4452,-2.3780794212087E-02
CdCoO3_770662_POSCAR,8.4447063356,0.0141,0.0082,468.1899,15.4479,-1.9098963401742E-02
CdCoO3_770662_POSCAR,8.2164710292,0.0180,0.0106,468.1899,15.4468,-2.1342193673004E-02
CdCoO3_770662_POSCAR,8.6729416420,0.0112,0.0064,468.1899,15.4486,-1.7016872741615E-02
CdCoO3_770662_POSCAR,8.9011769483,0.0090,0.0051,468.1899,15.4492,-1.5103913517934E-02
CdCoO3_770662_POSCAR,9.3576475611,0.0061,0.0033,468.1899,15.4500,-1.1860249579709E-02
CdCoO3_770662_POSCAR,9.1294122547,0.0074,0.0041,468.1899,15.4497,-1.3381311767190E-02
CdCoO3_770662_POSCAR,9.5858828674,0.0050,0.0027,468.1899,15.4503,-1.0536994065152E-02
CdCoO3_770662_POSCAR,9.8141181738,0.0042,0.0023,468.1899,15.4505,-9.3915827545659E-03
CdCoO3_770662_POSCAR,10.4988240929,0.0026,0.0014,468.1899,15.4508,-6.7491738735901E-03
CdCoO3_770662_POSCAR,10.2705887865,0.0031,0.0016,468.1899,15.4507,-7.5237632495176E-03
CdCoO3_770662_POSCAR,10.0423534802,0.0036,0.0019,468.1899,15.4506,-8.3966575784840E-03
CdCoO3_770662_POSCAR,10.7270593993,0.0023,0.0012,468.1899,15.4509,-6.0540320597375E-03
CdCoO3_770662_POSCAR,10.9552947056,0.0020,0.0010,468.1899,15.4510,-5.4266133956252E-03
CdCoO3_770662_POSCAR,11.1835300120,0.0017,0.0009,468.1899,15.4511,-4.8595300645294E-03
Cd_CoO2_2_1178482,0.0000000000,read,real,scaling,value,N/A
Cd_CoO2_2_1178482,0.0000000000,read,real,scaling,value,N/A
Cd_CoO2_2_1178482,0.0000000000,read,real,scaling,value,N/A
Cd_CoO2_2_1178482,0.0000000000,read,real,scaling,value,N/A
Cd_CoO2_2_1178482,0.0000000000,read,real,scaling,value,N/A
Cd_CoO2_2_1178482,0.0000000000,read,real,scaling,value,N/A
Cd_CoO2_2_1178482,0.0000000000,read,real,scaling,value,N/A
Cd_CoO2_2_1178482,0.0000000000,read,real,scaling,value,N/A
Cd_CoO2_2_1178482,0.0000000000,read,real,scaling,value,N/A
Cd_CoO2_2_1178482,0.0000000000,read,real,scaling,value,N/A
Cd_CoO2_2_1178482,0.0000000000,read,real,scaling,value,N/A
Cd_CoO2_2_1178482,0.0000000000,read,real,scaling,value,N/A
Cd_CoO2_2_1178482,0.0000000000,read,real,scaling,value,N/A
Cd_CoO2_2_1178482,0.0000000000,read,real,scaling,value,N/A
Cd_CoO2_2_1178482,0.0000000000,read,real,scaling,value,N/A
Cd_CoO2_2_1178482,0.0000000000,read,real,scaling,value,N/A
Cd_CoO2_2_1178482,0.0000000000,read,real,scaling,value,N/A
Cd_CoO2_2_1178482,0.0000000000,read,real,scaling,value,N/A
Cd_CoO2_2_1178482,0.0000000000,read,real,scaling,value,N/A
Cd_CoO2_2_1178482,0.0000000000,read,real,scaling,value,N/A
Cd_CoO2_2_1178482,0.0000000000,read,real,scaling,value,N/A
Cd_CoO2_2_1178482,0.0000000000,read,real,scaling,value,N/A
Cd_CoO2_2_1178482,0.0000000000,read,real,scaling,value,N/A
Cd_CoO2_2_1178482,0.0000000000,read,real,scaling,value,N/A
Cd_CoO2_2_1178482,0.0000000000,read,real,scaling,value,N/A
Cd_CoO2_2_1178482,0.0000000000,read,real,scaling,value,N/A
Cd_CoO2_2_1178482,0.0000000000,read,real,scaling,value,N/A
Cd_CoO2_2_1178482,0.0000000000,read,real,scaling,value,N/A
Cd_CoO2_2_1178482,0.0000000000,read,real,scaling,value,N/A
Cd_CoO2_2_1178482,0.0000000000,read,real,scaling,value,N/A
Cd_CoO2_2_1178482,0.0000000000,read,real,scaling,value,N/A
Cd_CoO2_2_1178482,0.0000000000,read,real,scaling,value,N/A
Cd_CoO2_2_1178482,0.0000000000,read,real,scaling,value,N/A
Cd_CoO2_2_1178482,0.0000000000,read,real,scaling,value,N/A
Cd_CoO2_2_1178482,0.0000000000,read,real,scaling,value,N/A
Cd_CoO2_2_1178482_POSCAR,9.3470352000,11.4008,4.9952,263.4508,10.3708,-2.5711511721962E-01
Cd_CoO2_2_1178482_POSCAR,8.2473840000,17.8152,5.4785,263.4508,10.3708,-3.8168067674219E-01
Cd_CoO2_2_1178482_POSCAR,8.7972096000,13.8873,5.1965,263.4508,10.3708,-3.1028094002932E-01
Cd_CoO2_2_1178482_POSCAR,9.8968608000,9.5901,4.7091,263.4508,10.3708,-2.1720611469573E-01
Cd_CoO2_2_1178482_POSCAR,10.4466864000,7.8428,4.1930,263.4508,10.3708,-1.8487631668446E-01
Cd_CoO2_2_1178482_POSCAR,10.9965120000,5.9593,3.3901,263.4508,10.3708,-1.5729267572224E-01
Cd_CoO2_2_1178482_POSCAR,12.0961632000,2.6090,1.5897,263.4508,11.0949,-1.2936623915458E-01
Cd_CoO2_2_1178482_POSCAR,11.5463376000,4.1108,2.4404,263.4508,10.3720,-1.4580759616323E-01
Cd_CoO2_2_1178482_POSCAR,12.6459888000,1.5811,0.9752,263.4637,12.8286,-1.3322442398367E-01
Cd_CoO2_2_1178482_POSCAR,13.1958144000,0.9484,0.5860,378.4165,13.6618,-1.3915151305777E-01
Cd_CoO2_2_1178482_POSCAR,13.7456400000,0.5762,0.3544,467.7221,14.8160,-2.1288487442807E-01
Cd_CoO2_2_1178482_POSCAR,14.2954656000,0.3586,0.2187,468.1744,15.2233,-2.0767330832335E-01
Cd_CoO2_2_1178482_POSCAR,15.9449424000,0.1026,0.0605,468.1897,15.4189,-1.4719344395006E-01
Cd_CoO2_2_1178482_POSCAR,14.8452912000,0.2296,0.1386,468.1879,15.3486,-1.8784306112036E-01
Cd_CoO2_2_1178482_POSCAR,15.3951168000,0.1514,0.0903,468.1894,15.3966,-1.6683631463486E-01
Cd_CoO2_2_1178482_POSCAR,16.4947680000,0.0714,0.0416,468.1898,15.4307,-1.3023975993394E-01
Cd_CoO2_2_1178482_POSCAR,17.5944192000,0.0372,0.0211,468.1899,15.4417,-1.0419469696383E-01
Cd_CoO2_2_1178482_POSCAR,17.0445936000,0.0509,0.0293,468.1899,15.4375,-1.1611060532006E-01
Cd_CoO2_2_1178482_POSCAR,18.1442448000,0.0277,0.0156,468.1899,15.4444,-9.3684709536584E-02
Cd_CoO2_2_1178482_POSCAR,18.6940704000,0.0210,0.0117,468.1899,15.4463,-8.3984477125537E-02
Cd_CoO2_2_1178482_POSCAR,19.2438960000,0.0162,0.0089,468.1899,15.4475,-7.4840107630168E-02
Cd_CoO2_2_1178482_POSCAR,19.7937216000,0.0127,0.0069,468.1899,15.4484,-6.6277301692811E-02
Cd_CoO2_2_1178482_POSCAR,20.8933728000,0.0081,0.0044,468.1899,15.4496,-5.1429091112213E-02
Cd_CoO2_2_1178482_POSCAR,20.3435472000,0.0101,0.0055,468.1899,15.4491,-5.8433537680496E-02
Cd_CoO2_2_1178482_POSCAR,21.4431984000,0.0066,0.0035,468.1899,15.4499,-4.5293999897645E-02
Cd_CoO2_2_1178482_POSCAR,21.9930240000,0.0054,0.0029,468.1899,15.4502,-3.9976126816372E-02
Cd_CoO2_2_1178482_POSCAR,22.5428496000,0.0045,0.0024,468.1899,15.4504,-3.5368712226140E-02
Cd_CoO2_2_1178482_POSCAR,23.0926752000,0.0038,0.0020,468.1899,15.4506,-3.1353366249480E-02
Cd_CoO2_2_1178482_POSCAR,23.6425008000,0.0032,0.0017,468.1899,15.4507,-2.7824091127259E-02
Cd_CoO2_2_1178482_POSCAR,24.1923264000,0.0027,0.0014,468.1899,15.4508,-2.4696304733735E-02
Cd_CoO2_2_1178482_POSCAR,24.7421520000,0.0023,0.0012,468.1899,15.4509,-2.1911665436057E-02
Cd_CoO2_2_1178482_POSCAR,25.8418032000,0.0018,0.0009,468.1899,15.4510,-1.7212827553100E-02
Cd_CoO2_2_1178482_POSCAR,25.2919776000,0.0020,0.0011,468.1899,15.4510,-1.9426699228479E-02
Cd_CoO2_2_1178482_POSCAR,26.3916288000,0.0016,0.0008,468.1899,15.4511,-1.5245904900159E-02
Cd_CoO2_2_1178482_POSCAR,26.9414544000,0.0014,0.0007,468.1899,15.4511,-1.3504648336556E-02
Cd_CoO2_2_1178498,0.0000000000,read,real,scaling,value,N/A
Cd_CoO2_2_1178498,0.0000000000,read,real,scaling,value,N/A
Cd_CoO2_2_1178498,0.0000000000,read,real,scaling,value,N/A
Cd_CoO2_2_1178498,0.0000000000,read,real,scaling,value,N/A
Cd_CoO2_2_1178498,0.0000000000,read,real,scaling,value,N/A
Cd_CoO2_2_1178498,0.0000000000,read,real,scaling,value,N/A
Cd_CoO2_2_1178498,0.0000000000,read,real,scaling,value,N/A
Cd_CoO2_2_1178498,0.0000000000,read,real,scaling,value,N/A
Cd_CoO2_2_1178498,0.0000000000,read,real,scaling,value,N/A
Cd_CoO2_2_1178498,0.0000000000,read,real,scaling,value,N/A
Cd_CoO2_2_1178498,0.0000000000,read,real,scaling,value,N/A
Cd_CoO2_2_1178498,0.0000000000,read,real,scaling,value,N/A
Cd_CoO2_2_1178498,0.0000000000,read,real,scaling,value,N/A
Cd_CoO2_2_1178498,0.0000000000,read,real,scaling,value,N/A
Cd_CoO2_2_1178498,0.0000000000,read,real,scaling,value,N/A
Cd_CoO2_2_1178498,0.0000000000,read,real,scaling,value,N/A
Cd_CoO2_2_1178498,0.0000000000,read,real,scaling,value,N/A
Cd_CoO2_2_1178498,0.0000000000,read,real,scaling,value,N/A
Cd_CoO2_2_1178498,0.0000000000,read,real,scaling,value,N/A
Cd_CoO2_2_1178498,0.0000000000,read,real,scaling,value,N/A
Cd_CoO2_2_1178498,0.0000000000,read,real,scaling,value,N/A
Cd_CoO2_2_1178498,0.0000000000,read,real,scaling,value,N/A
Cd_CoO2_2_1178498,0.0000000000,read,real,scaling,value,N/A
Cd_CoO2_2_1178498,0.0000000000,read,real,scaling,value,N/A
Cd_CoO2_2_1178498,0.0000000000,read,real,scaling,value,N/A
Cd_CoO2_2_1178498,0.0000000000,read,real,scaling,value,N/A
Cd_CoO2_2_1178498,0.0000000000,read,real,scaling,value,N/A
Cd_CoO2_2_1178498,0.0000000000,read,real,scaling,value,N/A
Cd_CoO2_2_1178498,0.0000000000,read,real,scaling,value,N/A
Cd_CoO2_2_1178498,0.0000000000,read,real,scaling,value,N/A
Cd_CoO2_2_1178498,0.0000000000,read,real,scaling,value,N/A
Cd_CoO2_2_1178498,0.0000000000,read,real,scaling,value,N/A
Cd_CoO2_2_1178498,0.0000000000,read,real,scaling,value,N/A
Cd_CoO2_2_1178498,0.0000000000,read,real,scaling,value,N/A
Cd_CoO2_2_1178498,0.0000000000,read,real,scaling,value,N/A
Cd_CoO2_2_1178498_POSCAR,5.6590610803,8.0352,3.9507,263.4508,10.3708,-1.0793940053514E-01
Cd_CoO2_2_1178498_POSCAR,5.3446687981,11.2364,4.1744,263.4508,10.3708,-1.2611649610547E-01
Cd_CoO2_2_1178498_POSCAR,5.0302765158,15.4750,4.4554,263.4508,10.3708,-1.5135750629320E-01
Cd_CoO2_2_1178498_POSCAR,4.7158842336,19.9134,5.0143,263.4508,10.3708,-1.8829238085910E-01
Cd_CoO2_2_1178498_POSCAR,6.9166302092,2.9376,1.8296,263.4508,10.5137,-7.2527334083090E-02
Cd_CoO2_2_1178498_POSCAR,5.9734533625,6.0332,3.6416,263.4508,10.3708,-9.4235483697090E-02
Cd_CoO2_2_1178498_POSCAR,6.2878456448,4.7894,3.1591,263.4508,10.3708,-8.5135180205463E-02
Cd_CoO2_2_1178498_POSCAR,6.6022379270,3.8386,2.5164,263.4508,10.3714,-8.1234960036198E-02
Cd_CoO2_2_1178498_POSCAR,7.5454147737,1.3789,0.7816,263.7551,13.0454,-6.7239027106089E-02
Cd_CoO2_2_1178498_POSCAR,7.2310224915,2.0832,1.2286,263.4508,12.5357,-7.2966080013679E-02
Cd_CoO2_2_1178498_POSCAR,7.8598070560,0.8768,0.4852,426.8460,14.1771,-1.0836799592520E-01
Cd_CoO2_2_1178498_POSCAR,8.1741993382,0.5514,0.3011,467.8724,15.0103,-1.0110517061261E-01
Cd_CoO2_2_1178498_POSCAR,8.4885916204,0.3498,0.1896,468.1764,15.2767,-8.8993761727078E-02
Cd_CoO2_2_1178498_POSCAR,8.8029839027,0.2261,0.1220,468.1880,15.3670,-7.8087857058384E-02
Cd_CoO2_2_1178498_POSCAR,9.1173761849,0.1497,0.0805,468.1894,15.4045,-6.8736265379255E-02
Cd_CoO2_2_1178498_POSCAR,9.4317684672,0.1016,0.0544,468.1897,15.4229,-6.0829977236871E-02
Cd_CoO2_2_1178498_POSCAR,9.7461607494,0.0706,0.0377,468.1898,15.4329,-5.4105123030905E-02
Cd_CoO2_2_1178498_POSCAR,10.3749453139,0.0366,0.0194,468.1899,15.4426,-4.3123898380351E-02
Cd_CoO2_2_1178498_POSCAR,10.0605530316,0.0503,0.0268,468.1899,15.4388,-4.8283989762248E-02
Cd_CoO2_2_1178498_POSCAR,10.6893375961,0.0272,0.0144,468.1899,15.4450,-3.8449077722998E-02
Cd_CoO2_2_1178498_POSCAR,11.0037298783,0.0205,0.0108,468.1899,15.4467,-3.4177031449091E-02
Cd_CoO2_2_1178498_POSCAR,11.3181221606,0.0158,0.0083,468.1899,15.4478,-3.0284919512000E-02
Cd_CoO2_2_1178498_POSCAR,11.6325144428,0.0124,0.0065,468.1899,15.4486,-2.6782243654454E-02
Cd_CoO2_2_1178498_POSCAR,11.9469067251,0.0098,0.0051,468.1899,15.4492,-2.3677940361783E-02
Cd_CoO2_2_1178498_POSCAR,12.2612990073,0.0078,0.0041,468.1899,15.4497,-2.0957554074647E-02
Cd_CoO2_2_1178498_POSCAR,12.5756912895,0.0064,0.0033,468.1899,15.4500,-1.8585420676222E-02
Cd_CoO2_2_1178498_POSCAR,12.8900835718,0.0052,0.0027,468.1899,15.4503,-1.6512783115109E-02
Cd_CoO2_2_1178498_POSCAR,13.2044758540,0.0044,0.0022,468.1899,15.4505,-1.4690024653512E-02
Cd_CoO2_2_1178498_POSCAR,13.5188681363,0.0037,0.0019,468.1899,15.4506,-1.3073460158760E-02
Cd_CoO2_2_1178498_POSCAR,13.8332604185,0.0031,0.0016,468.1899,15.4508,-1.1629667512291E-02
Cd_CoO2_2_1178498_POSCAR,14.1476527007,0.0026,0.0013,468.1899,15.4509,-1.0335692750621E-02
Cd_CoO2_2_1178498_POSCAR,14.4620449830,0.0022,0.0012,468.1899,15.4509,-9.1755621549795E-03
Cd_CoO2_2_1178498_POSCAR,14.7764372652,0.0020,0.0010,468.1899,15.4510,-8.1381407625359E-03
Cd_CoO2_2_1178498_POSCAR,15.0908295475,0.0017,0.0009,468.1899,15.4511,-7.2139603040113E-03
Cd_CoO2_2_1178498_POSCAR,15.4052218297,0.0015,0.0008,468.1899,15.4511,-6.3937754206739E-03
Cd_CoO2_2_1303588,0.0000000000,read,real,scaling,value,N/A
Cd_CoO2_2_1303588,0.0000000000,read,real,scaling,value,N/A
Cd_CoO2_2_1303588,0.0000000000,read,real,scaling,value,N/A
Cd_CoO2_2_1303588,0.0000000000,read,real,scaling,value,N/A
Cd_CoO2_2_1303588,0.0000000000,read,real,scaling,value,N/A
Cd_CoO2_2_1303588,0.0000000000,read,real,scaling,value,N/A
Cd_CoO2_2_1303588,0.0000000000,read,real,scaling,value,N/A
Cd_CoO2_2_1303588,0.0000000000,read,real,scaling,value,N/A
Cd_CoO2_2_1303588,0.0000000000,read,real,scaling,value,N/A
Cd_CoO2_2_1303588,0.0000000000,read,real,scaling,value,N/A
Cd_CoO2_2_1303588,0.0000000000,read,real,scaling,value,N/A
Cd_CoO2_2_1303588,0.0000000000,read,real,scaling,value,N/A
Cd_CoO2_2_1303588,0.0000000000,read,real,scaling,value,N/A
Cd_CoO2_2_1303588,0.0000000000,read,real,scaling,value,N/A
Cd_CoO2_2_1303588,0.0000000000,read,real,scaling,value,N/A
Cd_CoO2_2_1303588,0.0000000000,read,real,scaling,value,N/A
Cd_CoO2_2_1303588,0.0000000000,read,real,scaling,value,N/A
Cd_CoO2_2_1303588,0.0000000000,read,real,scaling,value,N/A
Cd_CoO2_2_1303588,0.0000000000,read,real,scaling,value,N/A
Cd_CoO2_2_1303588,0.0000000000,read,real,scaling,value,N/A
Cd_CoO2_2_1303588,0.0000000000,read,real,scaling,value,N/A
Cd_CoO2_2_1303588,0.0000000000,read,real,scaling,value,N/A
Cd_CoO2_2_1303588,0.0000000000,read,real,scaling,value,N/A
Cd_CoO2_2_1303588,0.0000000000,read,real,scaling,value,N/A
Cd_CoO2_2_1303588,0.0000000000,read,real,scaling,value,N/A
Cd_CoO2_2_1303588,0.0000000000,read,real,scaling,value,N/A
Cd_CoO2_2_1303588,0.0000000000,read,real,scaling,value,N/A
Cd_CoO2_2_1303588,0.0000000000,read,real,scaling,value,N/A
Cd_CoO2_2_1303588,0.0000000000,read,real,scaling,value,N/A
Cd_CoO2_2_1303588,0.0000000000,read,real,scaling,value,N/A
Cd_CoO2_2_1303588,0.0000000000,read,real,scaling,value,N/A
Cd_CoO2_2_1303588,0.0000000000,read,real,scaling,value,N/A
Cd_CoO2_2_1303588,0.0000000000,read,real,scaling,value,N/A
Cd_CoO2_2_1303588,0.0000000000,read,real,scaling,value,N/A
Cd_CoO2_2_1303588,0.0000000000,read,real,scaling,value,N/A
Cd_CoO2_2_1303588_POSCAR,4.3956621630,20.1482,5.1941,263.4508,10.3708,-1.9112722947182E-01
Cd_CoO2_2_1303588_POSCAR,4.9817504514,11.7482,4.1825,263.4508,10.3708,-1.2746506211863E-01
Cd_CoO2_2_1303588_POSCAR,5.2747945956,8.4924,3.8827,263.4508,10.3708,-1.0914445862340E-01
Cd_CoO2_2_1303588_POSCAR,4.6887063072,15.7838,4.5449,263.4508,10.3708,-1.5379900075563E-01
Cd_CoO2_2_1303588_POSCAR,6.1539270283,3.8936,2.4707,263.4508,10.3717,-8.0983719204703E-02
Cd_CoO2_2_1303588_POSCAR,5.8608828840,4.9337,3.0362,263.4508,10.3708,-8.6456381783135E-02
Cd_CoO2_2_1303588_POSCAR,5.5678387398,6.3187,3.5141,263.4508,10.3708,-9.5368850953954E-02
Cd_CoO2_2_1303588_POSCAR,6.4469711725,2.9442,1.8703,263.4508,10.4758,-7.2196925353734E-02
Cd_CoO2_2_1303588_POSCAR,6.7400153167,2.0719,1.3107,263.4508,12.3203,-7.2602402891612E-02
Cd_CoO2_2_1303588_POSCAR,7.0330594609,1.3661,0.8611,263.8223,12.9311,-6.5767933613195E-02
Cd_CoO2_2_1303588_POSCAR,7.3261036051,0.8676,0.5446,431.4073,13.8637,-9.4885579162478E-02
Cd_CoO2_2_1303588_POSCAR,7.6191477493,0.5457,0.3407,467.8994,14.8704,-1.0156571519286E-01
Cd_CoO2_2_1303588_POSCAR,7.9121918935,0.3464,0.2147,468.1771,15.2312,-9.0139155567801E-02
Cd_CoO2_2_1303588_POSCAR,8.7913243261,0.1010,0.0609,468.1897,15.4186,-6.1872593619135E-02
Cd_CoO2_2_1303588_POSCAR,8.2052360377,0.2242,0.1378,468.1881,15.3495,-7.9503252240273E-02
Cd_CoO2_2_1303588_POSCAR,8.4982801819,0.1486,0.0905,468.1894,15.3965,-7.0113461624975E-02
Cd_CoO2_2_1303588_POSCAR,9.3774126145,0.0501,0.0296,468.1899,15.4374,-4.8422582434049E-02
Cd_CoO2_2_1303588_POSCAR,9.6704567587,0.0365,0.0214,468.1899,15.4416,-4.3035370453043E-02
Cd_CoO2_2_1303588_POSCAR,9.0843684703,0.0704,0.0420,468.1898,15.4305,-5.4668154304199E-02
Cd_CoO2_2_1303588_POSCAR,9.9635009029,0.0271,0.0157,468.1899,15.4444,-3.8365026082106E-02
Cd_CoO2_2_1303588_POSCAR,10.2565450471,0.0206,0.0118,468.1899,15.4462,-3.4249476884574E-02
Cd_CoO2_2_1303588_POSCAR,10.5495891913,0.0158,0.0090,468.1899,15.4475,-3.0550790463126E-02
Cd_CoO2_2_1303588_POSCAR,10.8426333355,0.0124,0.0070,468.1899,15.4484,-2.7186627973080E-02
Cd_CoO2_2_1303588_POSCAR,11.1356774797,0.0098,0.0055,468.1899,15.4491,-2.4130721332772E-02
Cd_CoO2_2_1303588_POSCAR,11.4287216239,0.0079,0.0044,468.1899,15.4496,-2.1381429881514E-02
Cd_CoO2_2_1303588_POSCAR,12.0148099123,0.0053,0.0029,468.1899,15.4502,-1.6796092644530E-02
Cd_CoO2_2_1303588_POSCAR,12.3078540565,0.0044,0.0024,468.1899,15.4504,-1.4919666086479E-02
Cd_CoO2_2_1303588_POSCAR,11.7217657681,0.0064,0.0035,468.1899,15.4499,-1.8940668464997E-02
Cd_CoO2_2_1303588_POSCAR,13.1869864891,0.0027,0.0014,468.1899,15.4508,-1.0543919529095E-02
Cd_CoO2_2_1303588_POSCAR,12.6008982007,0.0037,0.0020,468.1899,15.4506,-1.3276036265665E-02
Cd_CoO2_2_1303588_POSCAR,12.8939423449,0.0031,0.0017,468.1899,15.4507,-1.1828246648776E-02
Cd_CoO2_2_1303588_POSCAR,13.4800306333,0.0023,0.0012,468.1899,15.4509,-9.3980711547151E-03
Cd_CoO2_2_1303588_POSCAR,14.3591630659,0.0015,0.0008,468.1899,15.4511,-6.6311044520039E-03
Cd_CoO2_2_1303588_POSCAR,14.0661189217,0.0017,0.0009,468.1899,15.4510,-7.4530233514708E-03
Cd_CoO2_2_1303588_POSCAR,13.7730747775,0.0020,0.0010,468.1899,15.4510,-8.3722461318636E-03
Cd_CoO2_2_754042,0.0000000000,read,real,scaling,value,N/A
Cd_CoO2_2_754042,0.0000000000,read,real,scaling,value,N/A
Cd_CoO2_2_754042,0.0000000000,read,real,scaling,value,N/A
Cd_CoO2_2_754042,0.0000000000,read,real,scaling,value,N/A
Cd_CoO2_2_754042,0.0000000000,read,real,scaling,value,N/A
Cd_CoO2_2_754042,0.0000000000,read,real,scaling,value,N/A
Cd_CoO2_2_754042,0.0000000000,read,real,scaling,value,N/A
Cd_CoO2_2_754042,0.0000000000,read,real,scaling,value,N/A
Cd_CoO2_2_754042,0.0000000000,read,real,scaling,value,N/A
Cd_CoO2_2_754042,0.0000000000,read,real,scaling,value,N/A
Cd_CoO2_2_754042,0.0000000000,read,real,scaling,value,N/A
Cd_CoO2_2_754042,0.0000000000,read,real,scaling,value,N/A
Cd_CoO2_2_754042,0.0000000000,read,real,scaling,value,N/A
Cd_CoO2_2_754042,0.0000000000,read,real,scaling,value,N/A
Cd_CoO2_2_754042,0.0000000000,read,real,scaling,value,N/A
Cd_CoO2_2_754042,0.0000000000,read,real,scaling,value,N/A
Cd_CoO2_2_754042,0.0000000000,read,real,scaling,value,N/A
Cd_CoO2_2_754042,0.0000000000,read,real,scaling,value,N/A
Cd_CoO2_2_754042,0.0000000000,read,real,scaling,value,N/A
Cd_CoO2_2_754042,0.0000000000,read,real,scaling,value,N/A
Cd_CoO2_2_754042,0.0000000000,read,real,scaling,value,N/A
Cd_CoO2_2_754042,0.0000000000,read,real,scaling,value,N/A
Cd_CoO2_2_754042,0.0000000000,read,real,scaling,value,N/A
Cd_CoO2_2_754042,0.0000000000,read,real,scaling,value,N/A
Cd_CoO2_2_754042,0.0000000000,read,real,scaling,value,N/A
Cd_CoO2_2_754042,0.0000000000,read,real,scaling,value,N/A
Cd_CoO2_2_754042,0.0000000000,read,real,scaling,value,N/A
Cd_CoO2_2_754042,0.0000000000,read,real,scaling,value,N/A
Cd_CoO2_2_754042,0.0000000000,read,real,scaling,value,N/A
Cd_CoO2_2_754042,0.0000000000,read,real,scaling,value,N/A
Cd_CoO2_2_754042,0.0000000000,read,real,scaling,value,N/A
Cd_CoO2_2_754042,0.0000000000,read,real,scaling,value,N/A
Cd_CoO2_2_754042,0.0000000000,read,real,scaling,value,N/A
Cd_CoO2_2_754042,0.0000000000,read,real,scaling,value,N/A
Cd_CoO2_2_754042,0.0000000000,read,real,scaling,value,N/A
Cd_CoO2_2_754042_POSCAR,3.8992140760,16.0140,5.4198,263.4508,10.3708,-3.5240824291726E-01
Cd_CoO2_2_754042_POSCAR,3.6555131962,20.5961,5.9476,263.4508,10.3708,-4.3190013663187E-01
Cd_CoO2_2_754042_POSCAR,4.3866158355,10.5965,4.8992,263.4508,10.3708,-2.4395527860507E-01
Cd_CoO2_2_754042_POSCAR,4.1429149557,12.8099,5.1453,263.4508,10.3708,-2.9041342000987E-01
Cd_CoO2_2_754042_POSCAR,4.8740175950,6.7943,3.9593,263.4508,10.3708,-1.7923847956993E-01
Cd_CoO2_2_754042_POSCAR,5.1177184747,4.9055,3.1966,263.4508,10.3708,-1.5415413838335E-01
Cd_CoO2_2_754042_POSCAR,4.6303167152,8.7066,4.5333,263.4508,10.3708,-2.0848795651254E-01
Cd_CoO2_2_754042_POSCAR,5.3614193545,3.2748,2.3653,263.4508,10.3729,-1.4438174159009E-01
Cd_CoO2_2_754042_POSCAR,5.8488211140,1.2657,1.0363,265.2252,12.7818,-1.3185577591918E-01
Cd_CoO2_2_754042_POSCAR,5.6051202342,2.0642,1.6130,263.4508,11.0037,-1.2883720380552E-01
Cd_CoO2_2_754042_POSCAR,6.0925219937,0.7749,0.6463,458.2180,13.4095,-1.4697898554359E-01
Cd_CoO2_2_754042_POSCAR,6.3362228735,0.4818,0.4015,468.0829,14.6071,-1.7856716692844E-01
Cd_CoO2_2_754042_POSCAR,6.8236246330,0.2006,0.1622,468.1887,15.3184,-1.8847407712647E-01
Cd_CoO2_2_754042_POSCAR,6.5799237532,0.3068,0.2525,468.1831,15.1478,-2.0589098842621E-01
Cd_CoO2_2_754042_POSCAR,7.0673255127,0.1348,0.1067,468.1895,15.3822,-1.6864619069447E-01
Cd_CoO2_2_754042_POSCAR,7.3110263925,0.0930,0.0719,468.1898,15.4109,-1.4944220377519E-01
Cd_CoO2_2_754042_POSCAR,8.0421290317,0.0351,0.0254,468.1899,15.4396,-1.0629598848398E-01
Cd_CoO2_2_754042_POSCAR,7.7984281520,0.0476,0.0351,468.1899,15.4344,-1.1813707074701E-01
Cd_CoO2_2_754042_POSCAR,7.5547272722,0.0658,0.0497,468.1898,15.4258,-1.3242812535901E-01
Cd_CoO2_2_754042_POSCAR,8.2858299115,0.0265,0.0187,468.1899,15.4429,-9.6214944541742E-02
Cd_CoO2_2_754042_POSCAR,8.5295307912,0.0203,0.0141,468.1899,15.4451,-8.7189779110977E-02
Cd_CoO2_2_754042_POSCAR,8.7732316710,0.0158,0.0107,468.1899,15.4467,-7.8731357347320E-02
Cd_CoO2_2_754042_POSCAR,9.0169325507,0.0125,0.0083,468.1899,15.4478,-7.0648523166268E-02
Cd_CoO2_2_754042_POSCAR,9.2606334304,0.0100,0.0066,468.1899,15.4486,-6.2988891540513E-02
Cd_CoO2_2_754042_POSCAR,9.5043343102,0.0081,0.0052,468.1899,15.4492,-5.5907014401533E-02
Cd_CoO2_2_754042_POSCAR,9.9917360697,0.0055,0.0034,468.1899,15.4500,-4.3931088140180E-02
Cd_CoO2_2_754042_POSCAR,10.2354369494,0.0046,0.0029,468.1899,15.4502,-3.9056979600877E-02
Cd_CoO2_2_754042_POSCAR,9.7480351899,0.0066,0.0042,468.1899,15.4496,-4.9538846205261E-02
Cd_CoO2_2_754042_POSCAR,10.4791378292,0.0038,0.0024,468.1899,15.4504,-3.4824455507694E-02
Cd_CoO2_2_754042_POSCAR,10.7228387089,0.0033,0.0020,468.1899,15.4506,-3.1128175536826E-02
Cd_CoO2_2_754042_POSCAR,10.9665395887,0.0028,0.0017,468.1899,15.4507,-2.7866398476619E-02
Cd_CoO2_2_754042_POSCAR,11.2102404684,0.0024,0.0014,468.1899,15.4508,-2.4953880600661E-02
Cd_CoO2_2_754042_POSCAR,11.4539413482,0.0021,0.0012,468.1899,15.4509,-2.2336080745120E-02
Cd_CoO2_2_754042_POSCAR,11.6976422279,0.0018,0.0011,468.1899,15.4510,-1.9972440665752E-02
Cd_CoO2_2_754042_POSCAR,11.9413431077,0.0016,0.0009,468.1899,15.4510,-1.7839668769181E-02
Cd_CoO2_2_756301,0.0000000000,read,real,scaling,value,N/A
Cd_CoO2_2_756301,0.0000000000,read,real,scaling,value,N/A
Cd_CoO2_2_756301,0.0000000000,read,real,scaling,value,N/A
Cd_CoO2_2_756301,0.0000000000,read,real,scaling,value,N/A
Cd_CoO2_2_756301,0.0000000000,read,real,scaling,value,N/A
Cd_CoO2_2_756301,0.0000000000,read,real,scaling,value,N/A
Cd_CoO2_2_756301,0.0000000000,read,real,scaling,value,N/A
Cd_CoO2_2_756301,0.0000000000,read,real,scaling,value,N/A
Cd_CoO2_2_756301,0.0000000000,read,real,scaling,value,N/A
Cd_CoO2_2_756301,0.0000000000,read,real,scaling,value,N/A
Cd_CoO2_2_756301,0.0000000000,read,real,scaling,value,N/A
Cd_CoO2_2_756301,0.0000000000,read,real,scaling,value,N/A
Cd_CoO2_2_756301,0.0000000000,read,real,scaling,value,N/A
Cd_CoO2_2_756301,0.0000000000,read,real,scaling,value,N/A
Cd_CoO2_2_756301,0.0000000000,read,real,scaling,value,N/A
Cd_CoO2_2_756301,0.0000000000,read,real,scaling,value,N/A
Cd_CoO2_2_756301,0.0000000000,read,real,scaling,value,N/A
Cd_CoO2_2_756301,0.0000000000,read,real,scaling,value,N/A
Cd_CoO2_2_756301,0.0000000000,read,real,scaling,value,N/A
Cd_CoO2_2_756301,0.0000000000,read,real,scaling,value,N/A
Cd_CoO2_2_756301,0.0000000000,read,real,scaling,value,N/A
Cd_CoO2_2_756301,0.0000000000,read,real,scaling,value,N/A
Cd_CoO2_2_756301,0.0000000000,read,real,scaling,value,N/A
Cd_CoO2_2_756301,0.0000000000,read,real,scaling,value,N/A
Cd_CoO2_2_756301,0.0000000000,read,real,scaling,value,N/A
Cd_CoO2_2_756301,0.0000000000,read,real,scaling,value,N/A
Cd_CoO2_2_756301,0.0000000000,read,real,scaling,value,N/A
Cd_CoO2_2_756301,0.0000000000,read,real,scaling,value,N/A
Cd_CoO2_2_756301,0.0000000000,read,real,scaling,value,N/A
Cd_CoO2_2_756301,0.0000000000,read,real,scaling,value,N/A
Cd_CoO2_2_756301,0.0000000000,read,real,scaling,value,N/A
Cd_CoO2_2_756301,0.0000000000,read,real,scaling,value,N/A
Cd_CoO2_2_756301,0.0000000000,read,real,scaling,value,N/A
Cd_CoO2_2_756301,0.0000000000,read,real,scaling,value,N/A
Cd_CoO2_2_756301,0.0000000000,read,real,scaling,value,N/A
Cd_CoO2_2_756301_POSCAR,4.7281555760,18.5847,4.8528,263.4508,10.3708,-1.7602818390181E-01
Cd_CoO2_2_756301_POSCAR,5.0236652995,14.3192,4.3970,263.4508,10.3708,-1.4401988020816E-01
Cd_CoO2_2_756301_POSCAR,5.3191750230,10.4031,4.1543,263.4508,10.3708,-1.2172743356902E-01
Cd_CoO2_2_756301_POSCAR,4.4326458525,22.7443,5.8333,263.4508,10.3708,-2.1984759584860E-01
Cd_CoO2_2_756301_POSCAR,5.6146847465,7.5591,3.9494,263.4508,10.3708,-1.0509635239765E-01
Cd_CoO2_2_756301_POSCAR,6.5012139170,3.5889,2.5534,263.4508,10.3713,-8.0902363581272E-02
Cd_CoO2_2_756301_POSCAR,6.2057041935,4.5651,3.1953,263.4508,10.3708,-8.2948568760693E-02
Cd_CoO2_2_756301_POSCAR,5.9101944700,5.7605,3.6596,263.4508,10.3708,-9.2465819897168E-02
Cd_CoO2_2_756301_POSCAR,6.7967236405,2.6743,1.8512,263.4508,10.4922,-7.2448552039803E-02
Cd_CoO2_2_756301_POSCAR,7.0922333640,1.8586,1.2391,263.4510,12.5131,-7.3516263936848E-02
Cd_CoO2_2_756301_POSCAR,7.3877430875,1.2226,0.7905,266.9050,13.0297,-6.6446850265369E-02
Cd_CoO2_2_756301_POSCAR,7.6832528110,0.7824,0.4955,457.0406,14.1219,-1.0881706226322E-01
Cd_CoO2_2_756301_POSCAR,7.9787625345,0.4991,0.3117,468.0497,14.9752,-1.0364289179327E-01
Cd_CoO2_2_756301_POSCAR,8.2742722580,0.3221,0.1992,468.1812,15.2601,-9.1886596812025E-02
Cd_CoO2_2_756301_POSCAR,8.5697819815,0.2121,0.1301,468.1884,15.3583,-8.0961937637395E-02
Cd_CoO2_2_756301_POSCAR,8.8652917050,0.1428,0.0870,468.1895,15.3994,-7.1373742437673E-02
Cd_CoO2_2_756301_POSCAR,9.1608014285,0.0985,0.0596,468.1897,15.4196,-6.3174411686265E-02
Cd_CoO2_2_756301_POSCAR,9.4563111520,0.0695,0.0417,468.1898,15.4306,-5.6239633890776E-02
Cd_CoO2_2_756301_POSCAR,9.7518208755,0.0501,0.0299,468.1899,15.4372,-5.0358127835368E-02
Cd_CoO2_2_756301_POSCAR,10.0473305990,0.0369,0.0218,468.1899,15.4414,-4.5279743514734E-02
Cd_CoO2_2_756301_POSCAR,10.3428403225,0.0277,0.0162,468.1899,15.4441,-4.0752372112475E-02
Cd_CoO2_2_756301_POSCAR,10.6383500460,0.0211,0.0123,468.1899,15.4460,-3.6588306057932E-02
Cd_CoO2_2_756301_POSCAR,11.2293694930,0.0130,0.0074,468.1899,15.4482,-2.9120946256043E-02
Cd_CoO2_2_756301_POSCAR,10.9338597695,0.0164,0.0095,468.1899,15.4473,-3.2711189844166E-02
Cd_CoO2_2_756301_POSCAR,11.5248792165,0.0103,0.0059,468.1899,15.4489,-2.5858702493448E-02
Cd_CoO2_2_756301_POSCAR,11.8203889400,0.0083,0.0047,468.1899,15.4494,-2.2958872627148E-02
Cd_CoO2_2_756301_POSCAR,12.1158986635,0.0068,0.0038,468.1899,15.4498,-2.0418973690679E-02
Cd_CoO2_2_756301_POSCAR,13.0024278340,0.0040,0.0022,468.1899,15.4505,-1.4581242442372E-02
Cd_CoO2_2_756301_POSCAR,12.4114083870,0.0056,0.0031,468.1899,15.4501,-1.8208222409972E-02
Cd_CoO2_2_756301_POSCAR,12.7069181105,0.0047,0.0026,468.1899,15.4503,-1.6278623142039E-02
Cd_CoO2_2_756301_POSCAR,13.2979375575,0.0034,0.0018,468.1899,15.4506,-1.3067998267390E-02
Cd_CoO2_2_756301_POSCAR,13.5934472810,0.0029,0.0016,468.1899,15.4508,-1.1707399022794E-02
Cd_CoO2_2_756301_POSCAR,14.1844667280,0.0021,0.0012,468.1899,15.4509,-9.3612147681306E-03
Cd_CoO2_2_756301_POSCAR,13.8889570045,0.0024,0.0013,468.1899,15.4509,-1.0474977856250E-02
Cd_CoO2_2_756301_POSCAR,14.4799764515,0.0019,0.0010,468.1899,15.4510,-8.3539772134619E-03
Cd_CoO2_2_769705,0.0000000000,read,real,scaling,value,N/A
Cd_CoO2_2_769705,0.0000000000,read,real,scaling,value,N/A
Cd_CoO2_2_769705,0.0000000000,read,real,scaling,value,N/A
Cd_CoO2_2_769705,0.0000000000,read,real,scaling,value,N/A
Cd_CoO2_2_769705,0.0000000000,read,real,scaling,value,N/A
Cd_CoO2_2_769705,0.0000000000,read,real,scaling,value,N/A
Cd_CoO2_2_769705,0.0000000000,read,real,scaling,value,N/A
Cd_CoO2_2_769705,0.0000000000,read,real,scaling,value,N/A
Cd_CoO2_2_769705,0.0000000000,read,real,scaling,value,N/A
Cd_CoO2_2_769705,0.0000000000,read,real,scaling,value,N/A
Cd_CoO2_2_769705,0.0000000000,read,real,scaling,value,N/A
Cd_CoO2_2_769705,0.0000000000,read,real,scaling,value,N/A
Cd_CoO2_2_769705,0.0000000000,read,real,scaling,value,N/A
Cd_CoO2_2_769705,0.0000000000,read,real,scaling,value,N/A
Cd_CoO2_2_769705,0.0000000000,read,real,scaling,value,N/A
Cd_CoO2_2_769705,0.0000000000,read,real,scaling,value,N/A
Cd_CoO2_2_769705,0.0000000000,read,real,scaling,value,N/A
Cd_CoO2_2_769705,0.0000000000,read,real,scaling,value,N/A
Cd_CoO2_2_769705,0.0000000000,read,real,scaling,value,N/A
Cd_CoO2_2_769705,0.0000000000,read,real,scaling,value,N/A
Cd_CoO2_2_769705,0.0000000000,read,real,scaling,value,N/A
Cd_CoO2_2_769705,0.0000000000,read,real,scaling,value,N/A
Cd_CoO2_2_769705,0.0000000000,read,real,scaling,value,N/A
Cd_CoO2_2_769705,0.0000000000,read,real,scaling,value,N/A
Cd_CoO2_2_769705,0.0000000000,read,real,scaling,value,N/A
Cd_CoO2_2_769705,0.0000000000,read,real,scaling,value,N/A
Cd_CoO2_2_769705,0.0000000000,read,real,scaling,value,N/A
Cd_CoO2_2_769705,0.0000000000,read,real,scaling,value,N/A
Cd_CoO2_2_769705,0.0000000000,read,real,scaling,value,N/A
Cd_CoO2_2_769705,0.0000000000,read,real,scaling,value,N/A
Cd_CoO2_2_769705,0.0000000000,read,real,scaling,value,N/A
Cd_CoO2_2_769705,0.0000000000,read,real,scaling,value,N/A
Cd_CoO2_2_769705,0.0000000000,read,real,scaling,value,N/A
Cd_CoO2_2_769705,0.0000000000,read,real,scaling,value,N/A
Cd_CoO2_2_769705,0.0000000000,read,real,scaling,value,N/A
Cd_CoO2_2_769705_POSCAR,3.8000910381,18.0844,5.5666,263.4508,10.3708,-3.8832763503990E-01
Cd_CoO2_2_769705_POSCAR,4.0534304406,14.0848,5.2366,263.4508,10.3708,-3.1582959804657E-01
Cd_CoO2_2_769705_POSCAR,4.3067698431,11.5492,5.0187,263.4508,10.3708,-2.6146083246290E-01
Cd_CoO2_2_769705_POSCAR,4.5601092457,9.7368,4.7366,263.4508,10.3708,-2.2075213118796E-01
Cd_CoO2_2_769705_POSCAR,4.8134486482,8.0179,4.2513,263.4508,10.3708,-1.8800074626536E-01
Cd_CoO2_2_769705_POSCAR,5.0667880508,6.1634,3.5085,263.4508,10.3708,-1.6010208763398E-01
Cd_CoO2_2_769705_POSCAR,5.5734668558,2.7684,1.7749,263.4508,10.5849,-1.3022319643404E-01
Cd_CoO2_2_769705_POSCAR,5.3201274533,4.3110,2.6155,263.4508,10.3711,-1.4833986962868E-01
Cd_CoO2_2_769705_POSCAR,6.0801456609,1.0168,0.6912,325.4941,13.2590,-1.3371972262283E-01
Cd_CoO2_2_769705_POSCAR,5.8268062584,1.6899,1.1265,263.4532,12.6964,-1.3167935221020E-01
Cd_CoO2_2_769705_POSCAR,6.3334850634,0.6179,0.4217,467.2937,14.5088,-1.8737617679864E-01
Cd_CoO2_2_769705_POSCAR,6.5868244660,0.3842,0.2605,468.1667,15.1276,-2.0863903217394E-01
Cd_CoO2_2_769705_POSCAR,6.8401638685,0.2455,0.1645,468.1873,15.3151,-1.9049454944710E-01
Cd_CoO2_2_769705_POSCAR,7.0935032711,0.1614,0.1066,468.1893,15.3822,-1.6997633109904E-01
Cd_CoO2_2_769705_POSCAR,7.6001820761,0.0758,0.0485,468.1898,15.4266,-1.3283506197782E-01
Cd_CoO2_2_769705_POSCAR,7.3468426736,0.1092,0.0710,468.1897,15.4116,-1.5023671263569E-01
Cd_CoO2_2_769705_POSCAR,8.1068608812,0.0393,0.0243,468.1899,15.4401,-1.0588732069579E-01
Cd_CoO2_2_769705_POSCAR,7.8535214787,0.0539,0.0339,468.1899,15.4350,-1.1818502043254E-01
Cd_CoO2_2_769705_POSCAR,8.3602002837,0.0292,0.0178,468.1899,15.4434,-9.5221085947114E-02
Cd_CoO2_2_769705_POSCAR,8.6135396863,0.0221,0.0133,468.1899,15.4455,-8.5556364914011E-02
Cd_CoO2_2_769705_POSCAR,9.1202184914,0.0133,0.0078,468.1899,15.4480,-6.8059874328953E-02
Cd_CoO2_2_769705_POSCAR,8.8668790888,0.0170,0.0101,468.1899,15.4470,-7.6531053914188E-02
Cd_CoO2_2_769705_POSCAR,9.3735578939,0.0105,0.0061,468.1899,15.4488,-6.0219001944322E-02
Cd_CoO2_2_769705_POSCAR,9.6268972964,0.0085,0.0048,468.1899,15.4493,-5.3124618773452E-02
Cd_CoO2_2_769705_POSCAR,9.8802366990,0.0069,0.0039,468.1899,15.4498,-4.6840041523627E-02
Cd_CoO2_2_769705_POSCAR,10.3869155041,0.0047,0.0026,468.1899,15.4503,-3.6591878104054E-02
Cd_CoO2_2_769705_POSCAR,10.1335761015,0.0056,0.0032,468.1899,15.4501,-4.1354126161260E-02
Cd_CoO2_2_769705_POSCAR,10.6402549066,0.0039,0.0022,468.1899,15.4505,-3.2450736524390E-02
Cd_CoO2_2_769705_POSCAR,10.8935943091,0.0033,0.0018,468.1899,15.4507,-2.8825588415913E-02
Cd_CoO2_2_769705_POSCAR,11.4002731142,0.0024,0.0013,468.1899,15.4509,-2.2781659784887E-02
Cd_CoO2_2_769705_POSCAR,11.6536125167,0.0021,0.0011,468.1899,15.4509,-2.0243133123695E-02
Cd_CoO2_2_769705_POSCAR,11.1469337117,0.0028,0.0015,468.1899,15.4508,-2.5625236801267E-02
Cd_CoO2_2_769705_POSCAR,11.9069519193,0.0018,0.0010,468.1899,15.4510,-1.7976398998554E-02
Cd_CoO2_2_769705_POSCAR,12.1602913218,0.0016,0.0009,468.1899,15.4511,-1.5955072167732E-02
Cd_CoO2_2_769705_POSCAR,12.4136307244,0.0014,0.0008,468.1899,15.4511,-1.4158446664650E-02
